,Accuracy,Precision,Recall,F1 Score,Balanced Accuracy,AUC,Mutual Information,Normalized MI,Randomized Dependence Coefficient,Pearson Correlation,Statistical Parity Abs Diff,Disparate Impact,Disparate Impact Obj,Equal Opportunity Abs Diff,Predictive Equality Abs Diff,Average Odds Diff,Average Odds Error,Consistency,Consistency Obj,Model,Preprocessor,ModelPreprocessor
0,0.635,0.6951219512195121,0.8321167883211679,0.7574750830564784,0.5192329973351871,0.5740933843123623,0.007083820637400845,0.022737056900758983,0.8789356751599474,0.08922769865067531,0.18652849740932642,0.8134715025906736,0.18652849740932642,0.17692307692307696,,,,0.846,0.15400000000000003,KNeighborsClassifier,OriginalData,"('KNeighborsClassifier', 'OriginalData')"
1,0.56,0.6737588652482269,0.6934306569343066,0.683453237410072,0.48163596338778825,0.5130344108446299,0.002306942950333117,0.0060846523988780645,0.7908916006546706,0.06353548753216708,0.15766099185788296,0.8160621761658032,0.18393782383419677,0.17252747252747247,,,,0.776,0.22399999999999998,KNeighborsClassifier,DisparateImpactRemover,"('KNeighborsClassifier', 'DisparateImpactRemover')"
2,0.685,0.685,1.0,0.8130563798219584,0.5,0.5,0.0,0.0,0.998612023645204,,0.0,1.0,0.0,0.0,,,,1.0,0.0,KNeighborsClassifier,LFR,"('KNeighborsClassifier', 'LFR')"
3,0.67,0.7100591715976331,0.8759124087591241,0.7843137254901962,0.5490673154906731,0.5800023172285946,0.006009951683054515,0.02061735065485418,0.8454973815169932,0.08156575492428246,0.1606217616580311,0.8393782383419689,0.1606217616580311,0.13076923076923075,,,,0.846,0.15400000000000003,KNeighborsClassifier,MetricOptGenerator,"('KNeighborsClassifier', 'MetricOptGenerator')"
4,0.635,0.6951219512195121,0.8321167883211679,0.7574750830564784,0.5192329973351871,0.5740933843123623,0.007083820637400845,0.022737056900758983,0.8790393291146847,0.08922769865067531,0.18652849740932642,0.8134715025906736,0.18652849740932642,0.17692307692307696,,,,0.846,0.15400000000000003,KNeighborsClassifier,Reweighing,"('KNeighborsClassifier', 'Reweighing')"
5,0.755,0.775,0.9051094890510949,0.835016835016835,0.6668404588112617,0.8052369366237979,0.007967291932973464,0.024435164620024638,0.9283953532217227,0.09522267331341563,0.20725388601036265,0.7927461139896373,0.20725388601036265,0.09999999999999998,,,,0.764,0.236,LogisticRegression,OriginalData,"('LogisticRegression', 'OriginalData')"
6,0.755,0.7972972972972973,0.8613138686131386,0.8280701754385965,0.6925616962113312,0.8116093152589503,0.010759974385985055,0.029692050328850264,0.8612634643413117,0.11288628464719692,0.26943005181347146,0.7305699481865285,0.26943005181347146,0.1461538461538462,,,,0.736,0.264,LogisticRegression,DisparateImpactRemover,"('LogisticRegression', 'DisparateImpactRemover')"
7,0.685,0.685,1.0,0.8130563798219584,0.5,0.5,0.0,0.0,0.9985573127173696,,0.0,1.0,0.0,0.0,,,,1.0,0.0,LogisticRegression,LFR,"('LogisticRegression', 'LFR')"
8,0.75,0.7668711656441718,0.9124087591240876,0.8333333333333333,0.6546170779747422,0.81068242382111,0.007302606251950075,0.023160612726785993,0.9464846530971144,0.09073553939841258,0.1917098445595855,0.8082901554404145,0.1917098445595855,0.09230769230769231,,,,0.761,0.239,LogisticRegression,MetricOptGenerator,"('LogisticRegression', 'MetricOptGenerator')"
9,0.755,0.7933333333333333,0.8686131386861314,0.8292682926829269,0.6882748233113196,0.8119568995481404,0.01027877431846344,0.028790083988351336,0.8664763883647857,0.10995367214091205,0.2590673575129534,0.7409326424870466,0.2590673575129534,0.1384615384615384,,,,0.712,0.28800000000000003,LogisticRegression,Reweighing,"('LogisticRegression', 'Reweighing')"
10,0.66,0.7716535433070866,0.7153284671532847,0.7424242424242424,0.6275055034179122,0.6275055034179121,0.004443850126167732,0.011000236901722912,0.7994984084361766,0.08787582675359011,0.23019985196150994,0.7314335060449051,0.2685664939550949,0.14945054945054936,,,,0.639,0.361,DecisionTreeClassifier,OriginalData,"('DecisionTreeClassifier', 'OriginalData')"
11,0.595,0.7456140350877193,0.6204379562043796,0.6772908366533865,0.5800602479434596,0.5800602479434596,0.006942456796320513,0.01662805371342402,0.7675416375905015,0.11045788601731002,0.29755736491487783,0.6528497409326425,0.3471502590673575,0.24945054945054945,,,,0.631,0.369,DecisionTreeClassifier,DisparateImpactRemover,"('DecisionTreeClassifier', 'DisparateImpactRemover')"
12,0.685,0.685,1.0,0.8130563798219584,0.5,0.5,0.0,0.0,0.9978981502523228,,0.0,1.0,0.0,0.0,,,,1.0,0.0,DecisionTreeClassifier,LFR,"('DecisionTreeClassifier', 'LFR')"
13,0.69,0.7388535031847133,0.8467153284671532,0.7891156462585033,0.5979608388367512,0.5979608388367512,0.008644847628591912,0.02572025980690135,0.8621164359351651,0.09966777591374379,0.2227979274611399,0.7772020725388601,0.2227979274611399,0.16153846153846152,,,,0.726,0.274,DecisionTreeClassifier,MetricOptGenerator,"('DecisionTreeClassifier', 'MetricOptGenerator')"
14,0.69,0.7586206896551724,0.8029197080291971,0.7801418439716313,0.6236820762368207,0.6236820762368207,0.011494413758377175,0.031070884924272697,0.9211062025668006,0.11729181565502939,0.2849740932642487,0.7150259067357513,0.2849740932642487,0.20769230769230773,,,,0.7070000000000001,0.2929999999999999,DecisionTreeClassifier,Reweighing,"('DecisionTreeClassifier', 'Reweighing')"
0,0.665,0.718562874251497,0.8571428571428571,0.7817589576547231,0.5369047619047619,0.5086904761904762,0.0055006327011100364,0.01888269578870288,0.9341093682965012,0.07817600887407357,0.1701030927835051,0.8298969072164949,0.1701030927835051,0.14925373134328357,,,,0.852,0.14800000000000002,KNeighborsClassifier,OriginalData,"('KNeighborsClassifier', 'OriginalData')"
1,0.64,0.7207792207792207,0.7928571428571428,0.7551020408163265,0.5380952380952381,0.6260714285714286,0.00037614906732124503,0.001116138687353272,0.8914661108835786,0.026466580017229444,0.06529209621993126,0.9216494845360825,0.07835051546391747,0.04228855721393043,,,,0.74,0.26,KNeighborsClassifier,DisparateImpactRemover,"('KNeighborsClassifier', 'DisparateImpactRemover')"
2,0.7,0.7,1.0,0.8235294117647058,0.5,0.5,0.0,0.0,0.9901029465199778,,0.0,1.0,0.0,0.0,,,,1.0,0.0,KNeighborsClassifier,LFR,"('KNeighborsClassifier', 'LFR')"
3,0.655,0.7028571428571428,0.8785714285714286,0.7809523809523808,0.5059523809523809,0.4945238095238096,0.004071639183529846,0.01592000407113422,0.9393285847550035,0.06647000940439919,0.12886597938144329,0.8711340206185567,0.12886597938144329,0.12686567164179108,,,,0.883,0.11699999999999999,KNeighborsClassifier,MetricOptGenerator,"('KNeighborsClassifier', 'MetricOptGenerator')"
4,0.665,0.718562874251497,0.8571428571428571,0.7817589576547231,0.5369047619047619,0.5086904761904762,0.0055006327011100364,0.01888269578870288,0.9338887698298,0.07817600887407357,0.1701030927835051,0.8298969072164949,0.1701030927835051,0.14925373134328357,,,,0.852,0.14800000000000002,KNeighborsClassifier,Reweighing,"('KNeighborsClassifier', 'Reweighing')"
5,0.75,0.8040540540540541,0.85,0.8263888888888888,0.6833333333333333,0.8013095238095238,0.009195080568058345,0.025982177029843692,0.8479310209938858,0.10424268146844907,0.2680412371134021,0.7319587628865979,0.2680412371134021,0.15671641791044777,,,,0.718,0.28200000000000003,LogisticRegression,OriginalData,"('LogisticRegression', 'OriginalData')"
6,0.735,0.8129496402877698,0.8071428571428572,0.8100358422939068,0.6869047619047619,0.8038095238095239,0.011117738998243282,0.029655859804616706,0.8239052773109157,0.11650170400903868,0.31443298969072164,0.6855670103092784,0.31443298969072164,0.20149253731343286,,,,0.7170000000000001,0.2829999999999999,LogisticRegression,DisparateImpactRemover,"('LogisticRegression', 'DisparateImpactRemover')"
7,0.7,0.7,1.0,0.8235294117647058,0.5,0.5,0.0,0.0,0.9882782881906411,,0.0,1.0,0.0,0.0,,,,1.0,0.0,LogisticRegression,LFR,"('LogisticRegression', 'LFR')"
8,0.725,0.7741935483870968,0.8571428571428571,0.8135593220338982,0.6369047619047619,0.7998809523809524,0.007780484573558816,0.023298142162769306,0.8813720027056401,0.09475784340060094,0.2319587628865979,0.7680412371134021,0.2319587628865979,0.14925373134328357,,,,0.7430000000000001,0.2569999999999999,LogisticRegression,MetricOptGenerator,"('LogisticRegression', 'MetricOptGenerator')"
9,0.745,0.7908496732026143,0.8642857142857143,0.8259385665529011,0.6654761904761906,0.8005952380952381,0.008177893673766132,0.024052987886637258,0.8625888521293829,0.09747157277634688,0.24226804123711343,0.7577319587628866,0.24226804123711343,0.14179104477611937,,,,0.7390000000000001,0.2609999999999999,LogisticRegression,Reweighing,"('LogisticRegression', 'Reweighing')"
10,0.68,0.8015873015873016,0.7214285714285714,0.7593984962406015,0.6523809523809524,0.6523809523809525,0.014132396546405177,0.03561152790486552,0.830466992053478,0.1347737608645497,0.38144329896907214,0.6185567010309279,0.38144329896907214,0.29104477611940294,,,,0.618,0.382,DecisionTreeClassifier,OriginalData,"('DecisionTreeClassifier', 'OriginalData')"
11,0.695,0.7687074829931972,0.8071428571428572,0.7874564459930313,0.6202380952380953,0.6202380952380953,0.009402723690844994,0.026376424912446572,0.8484190392442379,0.1055975951118905,0.2731958762886598,0.7268041237113402,0.2731958762886598,0.20149253731343286,,,,0.669,0.33099999999999996,DecisionTreeClassifier,DisparateImpactRemover,"('DecisionTreeClassifier', 'DisparateImpactRemover')"
12,0.7,0.7,1.0,0.8235294117647058,0.5,0.5,0.0,0.0,0.9883824200015862,,0.0,1.0,0.0,0.0,,,,1.0,0.0,DecisionTreeClassifier,LFR,"('DecisionTreeClassifier', 'LFR')"
13,0.715,0.7943262411347518,0.8,0.797153024911032,0.6583333333333334,0.6583333333333333,0.01067970498593894,0.02881305028383042,0.6076098582506841,0.11376042600621346,0.3041237113402062,0.6958762886597938,0.3041237113402062,0.20895522388059706,,,,0.6759999999999999,0.32400000000000007,DecisionTreeClassifier,MetricOptGenerator,"('DecisionTreeClassifier', 'MetricOptGenerator')"
14,0.655,0.7886178861788617,0.6928571428571428,0.7376425855513308,0.6297619047619047,0.6297619047619047,0.014873325559259312,0.03712757293815545,0.7909436473903362,0.13914498781449186,0.3969072164948454,0.6030927835051546,0.3969072164948454,0.32089552238805974,,,,0.625,0.375,DecisionTreeClassifier,Reweighing,"('DecisionTreeClassifier', 'Reweighing')"
0,0.635,0.7207792207792207,0.7872340425531915,0.752542372881356,0.5292102416155788,0.5662339223464359,0.009335781678697946,0.027021434731855296,0.9532844385637665,0.10408518559157562,0.23834196891191706,0.7616580310880829,0.23834196891191706,0.2222222222222222,0.27586206896551724,0.24904214559386972,0.24904214559386972,0.8360000000000001,0.16399999999999992,KNeighborsClassifier,OriginalData,"('KNeighborsClassifier', 'OriginalData')"
1,0.615,0.7025316455696202,0.7872340425531915,0.7424749163879598,0.49531193653083305,0.6034379132107225,0.008417534958786499,0.025290370367253217,0.8047237975725067,0.0981898207547463,0.21761658031088082,0.7823834196891192,0.21761658031088082,0.2222222222222222,0.2068965517241379,0.21455938697318006,0.21455938697318006,0.765,0.235,KNeighborsClassifier,DisparateImpactRemover,"('KNeighborsClassifier', 'DisparateImpactRemover')"
2,0.705,0.705,1.0,0.8269794721407624,0.5,0.5,0.0,0.0,0.9987345060640523,,0.0,1.0,0.0,0.0,0.0,0.0,0.0,1.0,0.0,KNeighborsClassifier,LFR,"('KNeighborsClassifier', 'LFR')"
3,0.665,0.725609756097561,0.8439716312056738,0.780327868852459,0.5406298833994471,0.5598028609207838,0.007083820637400845,0.022737056900758983,0.9577892946831914,0.08922769865067538,0.18652849740932642,0.8134715025906736,0.18652849740932642,0.16296296296296298,0.24137931034482762,0.2021711366538953,0.2021711366538953,0.861,0.139,KNeighborsClassifier,MetricOptGenerator,"('KNeighborsClassifier', 'MetricOptGenerator')"
4,0.635,0.7207792207792207,0.7872340425531915,0.752542372881356,0.5292102416155788,0.5662339223464359,0.009335781678697946,0.027021434731855296,0.8311930512322018,0.10408518559157562,0.23834196891191706,0.7616580310880829,0.23834196891191706,0.2222222222222222,0.27586206896551724,0.24904214559386972,0.24904214559386972,0.8360000000000001,0.16399999999999992,KNeighborsClassifier,Reweighing,"('KNeighborsClassifier', 'Reweighing')"
5,0.77,0.8104575163398693,0.8794326241134752,0.8435374149659864,0.6939536001923308,0.760788556316865,0.0002483451710275711,0.000712650382148539,0.9190195549640708,0.02277907213193382,0.052553663952627616,1.0735751295336786,0.07357512953367862,0.04814814814814816,0.5,-0.2740740740740741,0.2740740740740741,0.721,0.279,LogisticRegression,OriginalData,"('LogisticRegression', 'OriginalData')"
6,0.755,0.8026315789473685,0.8652482269503546,0.8327645051194539,0.6783868253395842,0.7616300036062026,0.00019993266813667782,0.0005689648810798174,0.8933912757197948,0.020384961089422567,0.04737231680236864,1.066321243523316,0.06632124352331603,0.033333333333333326,0.5172413793103449,-0.2752873563218391,0.2752873563218391,0.711,0.28900000000000003,LogisticRegression,DisparateImpactRemover,"('LogisticRegression', 'DisparateImpactRemover')"
7,0.705,0.705,1.0,0.8269794721407624,0.5,0.5,0.0,0.0,0.9902911382036209,,0.0,1.0,0.0,0.0,0.0,0.0,0.0,1.0,0.0,LogisticRegression,LFR,"('LogisticRegression', 'LFR')"
8,0.795,0.8125,0.9219858156028369,0.8637873754152824,0.7067556196658252,0.7599471090275274,0.0007627916049187944,0.0023394320923304387,0.9403095670576374,0.04080971713432089,0.0888230940044411,1.1243523316062176,0.12435233160621761,0.09259259259259256,0.5172413793103449,-0.3049169859514687,0.3049169859514687,0.746,0.254,LogisticRegression,MetricOptGenerator,"('LogisticRegression', 'MetricOptGenerator')"
9,0.765,0.8092105263157895,0.8723404255319149,0.8395904436860069,0.6904075009015507,0.7583844212044716,0.00019993266813667782,0.0005689648810798174,0.9177998891007717,0.020384961089422546,0.04737231680236864,1.066321243523316,0.06632124352331603,0.040740740740740744,0.5,-0.27037037037037037,0.27037037037037037,0.718,0.28200000000000003,LogisticRegression,Reweighing,"('LogisticRegression', 'Reweighing')"
10,0.64,0.7379310344827587,0.7588652482269503,0.7482517482517482,0.5573987258083904,0.5573987258083903,0.001803750019067081,0.004875769260850105,0.8229277436960618,0.05636100232774152,0.13693560325684673,0.8402417962003454,0.15975820379965455,0.07777777777777783,0.3620689655172413,0.21992337164750958,0.21992337164750958,0.673,0.32699999999999996,DecisionTreeClassifier,OriginalData,"('DecisionTreeClassifier', 'OriginalData')"
11,0.68,0.7655172413793103,0.7872340425531915,0.7762237762237763,0.6054814280562568,0.6054814280562567,0.011494413758377175,0.031070884924272697,0.8277349303568281,0.1172918156550294,0.2849740932642487,0.7150259067357513,0.2849740932642487,0.2222222222222222,0.43103448275862066,0.32662835249042144,0.32662835249042144,0.7,0.30000000000000004,DecisionTreeClassifier,DisparateImpactRemover,"('DecisionTreeClassifier', 'DisparateImpactRemover')"
12,0.705,0.705,1.0,0.8269794721407624,0.5,0.5,0.0,0.0,0.9986456206806505,,0.0,1.0,0.0,0.0,0.0,0.0,0.0,1.0,0.0,DecisionTreeClassifier,LFR,"('DecisionTreeClassifier', 'LFR')"
13,0.67,0.7450980392156863,0.8085106382978723,0.7755102040816325,0.573746844572665,0.573746844572665,0.0009530393225132654,0.002734838106903479,0.9352260960748768,0.041387328239710953,0.09548482605477415,0.8886010362694301,0.1113989637305699,0.025925925925925908,0.3448275862068966,0.18537675606641124,0.18537675606641124,0.746,0.254,DecisionTreeClassifier,MetricOptGenerator,"('DecisionTreeClassifier', 'MetricOptGenerator')"
14,0.7,0.7682119205298014,0.8226950354609929,0.7945205479452054,0.6147373482389711,0.614737348238971,0.0011452191551667677,0.003232846782876778,0.8523984568906862,0.045229506512157215,0.10584752035529232,0.8765112262521589,0.12348877374784106,0.011111111111111183,0.4137931034482759,0.21245210727969355,0.21245210727969355,0.7130000000000001,0.2869999999999999,DecisionTreeClassifier,Reweighing,"('DecisionTreeClassifier', 'Reweighing')"
0,0.715,0.7485714285714286,0.9097222222222222,0.8213166144200627,0.5620039682539683,0.5932539682539683,0.006158379916360812,0.021982779093325255,0.9276875187130216,0.08204564831166311,0.13089005235602091,0.8691099476439791,0.13089005235602091,0.09558823529411764,0.21818181818181814,0.1568850267379679,0.1568850267379679,0.899,0.10099999999999998,KNeighborsClassifier,OriginalData,"('KNeighborsClassifier', 'OriginalData')"
1,0.6,0.7253521126760564,0.7152777777777778,0.7202797202797203,0.5094246031746031,0.5321180555555556,0.01584120213407611,0.04032518815314617,0.8249810661362486,0.13873128076222668,0.3036649214659686,0.6963350785340314,0.3036649214659686,0.30147058823529416,0.3090909090909091,0.3052807486631016,0.3052807486631016,0.738,0.262,KNeighborsClassifier,DisparateImpactRemover,"('KNeighborsClassifier', 'DisparateImpactRemover')"
2,0.72,0.72,1.0,0.8372093023255813,0.5,0.5,0.0,0.0,0.9783022752091003,,0.0,1.0,0.0,0.0,0.0,0.0,0.0,1.0,0.0,KNeighborsClassifier,LFR,"('KNeighborsClassifier', 'LFR')"
3,0.725,0.7486033519553073,0.9305555555555556,0.8297213622291022,0.5634920634920635,0.5868675595238095,0.005114618028751933,0.01969230929975911,0.93267183975151,0.07435115218575498,0.10994764397905754,0.8900523560209425,0.10994764397905754,0.07352941176470584,0.19999999999999996,0.1367647058823529,0.1367647058823529,0.91,0.08999999999999997,KNeighborsClassifier,MetricOptGenerator,"('KNeighborsClassifier', 'MetricOptGenerator')"
4,0.715,0.7485714285714286,0.9097222222222222,0.8213166144200627,0.5620039682539683,0.5932539682539683,0.006158379916360812,0.021982779093325255,0.9279462864982261,0.08204564831166311,0.13089005235602091,0.8691099476439791,0.13089005235602091,0.09558823529411764,0.21818181818181814,0.1568850267379679,0.1568850267379679,0.899,0.10099999999999998,KNeighborsClassifier,Reweighing,"('KNeighborsClassifier', 'Reweighing')"
5,0.755,0.8187919463087249,0.8472222222222222,0.8327645051194539,0.6825396825396826,0.7792658730158731,0.00013711346583934747,0.00036501151093944846,0.8250507908022012,0.016324348248797357,0.03432228039557883,0.955871353777113,0.044128646222887036,0.02941176470588236,0.4909090909090909,-0.23074866310160427,0.2601604278074866,0.669,0.33099999999999996,LogisticRegression,OriginalData,"('LogisticRegression', 'OriginalData')"
6,0.755,0.8321678321678322,0.8263888888888888,0.8292682926829268,0.6989087301587301,0.7841021825396826,0.0004778900766749736,0.0012235787362672437,0.8085450281663031,0.03018804985652554,0.06573589296102389,0.9154824233358264,0.08451757666417359,0.05147058823529416,0.43636363636363634,-0.1924465240641711,0.24391711229946525,0.668,0.33199999999999996,LogisticRegression,DisparateImpactRemover,"('LogisticRegression', 'DisparateImpactRemover')"
7,0.72,0.72,1.0,0.8372093023255813,0.5,0.5,0.0,0.0,0.9782963653527559,,0.0,1.0,0.0,0.0,0.0,0.0,0.0,1.0,0.0,LogisticRegression,LFR,"('LogisticRegression', 'LFR')"
8,0.75,0.7901234567901234,0.8888888888888888,0.8366013071895425,0.6408730158730158,0.7761656746031745,0.00015293645418230917,0.0004567011604948947,0.9121928713381003,0.017829565086720737,0.033740546829552076,1.043380703066567,0.04338070306656694,0.014705882352941124,0.6181818181818182,-0.31644385026737964,0.31644385026737964,0.7270000000000001,0.2729999999999999,LogisticRegression,MetricOptGenerator,"('LogisticRegression', 'MetricOptGenerator')"
9,0.74,0.8066666666666666,0.8402777777777778,0.8231292517006803,0.6612103174603174,0.7754216269841269,9.939513040939374e-05,0.0002665262273384209,0.843878817665354,0.013925199771478615,0.029086678301338043,0.962602842183994,0.037397157816006055,0.03676470588235292,0.5272727272727272,-0.24525401069518715,0.2820187165775401,0.6699999999999999,0.33000000000000007,LogisticRegression,Reweighing,"('LogisticRegression', 'Reweighing')"
10,0.68,0.8125,0.7222222222222222,0.7647058823529411,0.6468253968253967,0.6468253968253967,7.35148092444321e-05,0.00017567536013848306,0.7956154471022551,0.012059576754873768,0.027923211169284423,0.9581151832460734,0.041884816753926635,0.02941176470588236,0.43636363636363634,-0.203475935828877,0.23288770053475935,0.636,0.364,DecisionTreeClassifier,OriginalData,"('DecisionTreeClassifier', 'OriginalData')"
11,0.605,0.7480916030534351,0.6805555555555556,0.7127272727272729,0.5456349206349207,0.5456349206349206,1.4265090087527132e-05,3.446433512528428e-05,0.7425465615335866,0.005327471844898993,0.012216404886561949,0.981675392670157,0.01832460732984298,0.05882352941176472,0.4181818181818182,0.17967914438502675,0.23850267379679146,0.675,0.32499999999999996,DecisionTreeClassifier,DisparateImpactRemover,"('DecisionTreeClassifier', 'DisparateImpactRemover')"
12,0.72,0.72,1.0,0.8372093023255813,0.5,0.5,0.0,0.0,0.9630680124183135,,0.0,1.0,0.0,0.0,0.0,0.0,0.0,1.0,0.0,DecisionTreeClassifier,LFR,"('DecisionTreeClassifier', 'LFR')"
13,0.645,0.792,0.6875,0.7360594795539033,0.6116071428571428,0.6116071428571428,0.0025269598697612444,0.0059803729537339975,0.7462518417190439,0.06850292523643944,0.15997673065735896,0.7943156320119671,0.2056843679880329,0.19852941176470584,0.4727272727272727,-0.13709893048128344,0.33562834224598925,0.635,0.365,DecisionTreeClassifier,MetricOptGenerator,"('DecisionTreeClassifier', 'MetricOptGenerator')"
14,0.7,0.8088235294117647,0.7638888888888888,0.7857142857142858,0.6498015873015872,0.6498015873015872,0.001102215007556924,0.002720206811958625,0.8181644589080408,0.045500407719323184,0.10238510762070974,0.8683620044876589,0.13163799551234112,0.11764705882352944,0.4727272727272727,-0.17754010695187164,0.29518716577540105,0.669,0.33099999999999996,DecisionTreeClassifier,Reweighing,"('DecisionTreeClassifier', 'Reweighing')"
0,0.62,0.7354838709677419,0.7651006711409396,0.75,0.4805895512567443,0.4973680747466771,0.00036286828990710063,0.0010596576922633928,0.8602221169674047,0.02768975704802844,0.06291635825314579,1.088082901554404,0.08808290155440401,0.01551724137931032,0.14583333333333337,-0.08067528735632185,0.08067528735632185,0.783,0.21699999999999997,KNeighborsClassifier,OriginalData,"('KNeighborsClassifier', 'OriginalData')"
1,0.7,0.8068965517241379,0.785234899328859,0.7959183673469388,0.6181076457428609,0.588037899723648,1.0362378317113619e-05,2.8010846921024052e-05,0.8969267824567813,0.00456981099954652,0.011102886750555152,1.0155440414507773,0.015544041450777257,0.036206896551724155,0.125,0.04439655172413792,0.08060344827586208,0.746,0.254,KNeighborsClassifier,DisparateImpactRemover,"('KNeighborsClassifier', 'DisparateImpactRemover')"
2,0.745,0.745,1.0,0.8538681948424068,0.5,0.5,0.0,0.0,0.998691567901705,,0.0,1.0,0.0,0.0,0.0,0.0,0.0,1.0,0.0,KNeighborsClassifier,LFR,"('KNeighborsClassifier', 'LFR')"
3,0.66,0.7314285714285714,0.8590604026845637,0.7901234567901234,0.4687458876167917,0.4936833793920252,0.0047633497704838434,0.01802644545291252,0.93066232113515,0.07198157507486945,0.1295336787564767,0.8704663212435233,0.1295336787564767,0.1448275862068965,0.08333333333333337,0.11408045977011494,0.11408045977011494,0.866,0.134,KNeighborsClassifier,MetricOptGenerator,"('KNeighborsClassifier', 'MetricOptGenerator')"
4,0.62,0.7354838709677419,0.7651006711409396,0.75,0.4805895512567443,0.4973680747466771,0.00036286828990710063,0.0010596576922633928,0.8628749823397162,0.02768975704802844,0.06291635825314579,1.088082901554404,0.08808290155440401,0.01551724137931032,0.14583333333333337,-0.08067528735632185,0.08067528735632185,0.783,0.21699999999999997,KNeighborsClassifier,Reweighing,"('KNeighborsClassifier', 'Reweighing')"
5,0.745,0.831081081081081,0.825503355704698,0.8282828282828282,0.6676536386366627,0.7864192656928543,6.111123059176354e-05,0.0001686358786087855,0.8805701951925017,0.011164577602469996,0.0266469282013323,1.0373056994818652,0.03730569948186524,0.07758620689655171,0.18749999999999994,0.054956896551724116,0.13254310344827583,0.719,0.281,LogisticRegression,OriginalData,"('LogisticRegression', 'OriginalData')"
6,0.715,0.8770491803278688,0.7181208053691275,0.7896678966789666,0.7120015791551519,0.7778655086195553,0.00011224190493570874,0.0002736064010769234,0.8379230572116301,0.015060481904866195,0.0399703923019985,1.0699481865284974,0.06994818652849744,0.03275862068965518,0.04166666666666663,0.037212643678160906,0.037212643678160906,0.7310000000000001,0.2689999999999999,LogisticRegression,DisparateImpactRemover,"('LogisticRegression', 'DisparateImpactRemover')"
7,0.745,0.745,1.0,0.8538681948424068,0.5,0.5,0.0,0.0,0.9980102292962847,,0.0,1.0,0.0,0.0,0.0,0.0,0.0,1.0,0.0,LogisticRegression,LFR,"('LogisticRegression', 'LFR')"
8,0.76,0.821656050955414,0.8657718120805369,0.8431372549019608,0.6583761021186998,0.7656270561916041,0.0006131776769651917,0.001824333965953982,0.9077259828302656,0.03344334009065831,0.07475943745373792,0.9127806563039724,0.08721934369602757,0.13793103448275867,0.125,0.13146551724137934,0.13146551724137934,0.775,0.22499999999999998,LogisticRegression,MetricOptGenerator,"('LogisticRegression', 'MetricOptGenerator')"
9,0.745,0.8223684210526315,0.8389261744966443,0.8305647840531561,0.6547572048953809,0.7807606263982103,0.00019993266813667782,0.0005689648810798174,0.8976834416236619,0.020384961089422456,0.04737231680236864,1.066321243523316,0.06632124352331603,0.0913793103448276,0.14583333333333326,0.02722701149425283,0.11860632183908043,0.734,0.266,LogisticRegression,Reweighing,"('LogisticRegression', 'Reweighing')"
10,0.74,0.8391608391608392,0.8053691275167785,0.821917808219178,0.6771943676799579,0.6771943676799578,0.0017011047198099843,0.004540345443231669,0.8757653257630371,0.06057074792425148,0.14877868245743897,1.2603626943005182,0.26036269430051817,0.19999999999999996,0.4791666666666667,-0.13958333333333336,0.33958333333333335,0.69,0.31000000000000005,DecisionTreeClassifier,OriginalData,"('DecisionTreeClassifier', 'OriginalData')"
11,0.7,0.8677685950413223,0.7046979865771812,0.7777777777777777,0.6954862481905514,0.6954862481905514,8.47899452968287e-05,0.0002061394011073899,0.7800959475391636,0.013078681166289501,0.03478904515173953,1.0608808290155443,0.06088082901554426,0.04655172413793107,0.020833333333333315,0.03369252873563219,0.03369252873563219,0.6120000000000001,0.3879999999999999,DecisionTreeClassifier,DisparateImpactRemover,"('DecisionTreeClassifier', 'DisparateImpactRemover')"
12,0.745,0.745,1.0,0.8538681948424068,0.5,0.5,0.0,0.0,0.9799840668480978,,0.0,1.0,0.0,0.0,0.0,0.0,0.0,1.0,0.0,DecisionTreeClassifier,LFR,"('DecisionTreeClassifier', 'LFR')"
13,0.735,0.8380281690140845,0.7986577181208053,0.81786941580756,0.6738386629819713,0.6738386629819715,1.6222970889295807e-06,4.303939270654233e-06,0.8417151171590392,0.0017987276343680069,0.004441154700222105,0.993782383419689,0.006217616580310947,0.050000000000000044,0.22916666666666663,0.08958333333333329,0.13958333333333334,0.7190000000000001,0.2809999999999999,DecisionTreeClassifier,MetricOptGenerator,"('DecisionTreeClassifier', 'MetricOptGenerator')"
14,0.745,0.8356164383561644,0.8187919463087249,0.8271186440677966,0.6741018555073036,0.6741018555073035,0.0021137714124637857,0.005751967744518859,0.8793578194742966,0.06802240646494068,0.16432272390821612,1.2875647668393781,0.28756476683937815,0.18620689655172418,0.5,-0.1568965517241379,0.3431034482758621,0.6950000000000001,0.30499999999999994,DecisionTreeClassifier,Reweighing,"('DecisionTreeClassifier', 'Reweighing')"
0,0.67,0.7333333333333333,0.8461538461538461,0.7857142857142856,0.5371120107962213,0.51797325481536,0.003890498346643137,0.01385096798897719,0.9223246120524099,0.06579516949597707,0.1785714285714286,0.8214285714285714,0.1785714285714286,0.15714285714285714,0.2321428571428571,0.19464285714285712,0.19464285714285712,0.815,0.18500000000000005,KNeighborsClassifier,OriginalData,"('KNeighborsClassifier', 'OriginalData')"
1,0.59,0.7364341085271318,0.6643356643356644,0.6985294117647058,0.5339222181327444,0.5647773279352227,0.0008972437152449594,0.002397361128962842,0.8011069054519776,0.043288838014935334,0.14795918367346939,1.2959183673469388,0.29591836734693877,0.0023809523809523725,0.6071428571428571,-0.30238095238095236,0.30476190476190473,0.7390000000000001,0.2609999999999999,KNeighborsClassifier,DisparateImpactRemover,"('KNeighborsClassifier', 'DisparateImpactRemover')"
2,0.715,0.715,1.0,0.8338192419825073,0.5,0.5,0.0,0.0,0.9946188383298417,,0.0,1.0,0.0,0.0,0.0,0.0,0.0,1.0,0.0,KNeighborsClassifier,LFR,"('KNeighborsClassifier', 'LFR')"
3,0.705,0.7386363636363636,0.9090909090909091,0.8150470219435737,0.55103668261563,0.5311618206355049,0.002584334928125945,0.01111627716128124,0.9321110286604726,0.05275349613399976,0.12244897959183676,0.8775510204081632,0.12244897959183676,0.09285714285714286,0.1964285714285714,0.14464285714285713,0.14464285714285713,0.868,0.132,KNeighborsClassifier,MetricOptGenerator,"('KNeighborsClassifier', 'MetricOptGenerator')"
4,0.67,0.7333333333333333,0.8461538461538461,0.7857142857142856,0.5371120107962213,0.51797325481536,0.003890498346643137,0.01385096798897719,0.9223183168811688,0.06579516949597707,0.1785714285714286,0.8214285714285714,0.1785714285714286,0.15714285714285714,0.2321428571428571,0.19464285714285712,0.19464285714285712,0.815,0.18500000000000005,KNeighborsClassifier,Reweighing,"('KNeighborsClassifier', 'Reweighing')"
5,0.75,0.7961783439490446,0.8741258741258742,0.8333333333333334,0.6563611826769722,0.7559808612440191,0.004027814105192047,0.013023501487956581,0.9132386415370728,0.09910436009004796,0.2908163265306123,1.5816326530612246,0.5816326530612246,0.5523809523809524,0.4464285714285714,-0.05297619047619051,0.4994047619047619,0.776,0.22399999999999998,LogisticRegression,OriginalData,"('LogisticRegression', 'OriginalData')"
6,0.73,0.8068965517241379,0.8181818181818182,0.8125000000000001,0.6634768740031898,0.740645319592688,0.0023147354242302534,0.006746455282208686,0.8949777877202197,0.07198617998003834,0.22959183673469385,1.4591836734693877,0.4591836734693877,0.4952380952380953,0.5178571428571428,0.011309523809523742,0.506547619047619,0.7270000000000001,0.2729999999999999,LogisticRegression,DisparateImpactRemover,"('LogisticRegression', 'DisparateImpactRemover')"
7,0.715,0.715,1.0,0.8338192419825073,0.5,0.5,0.0,0.0,0.9926401572990529,,0.0,1.0,0.0,0.0,0.0,0.0,0.0,1.0,0.0,LogisticRegression,LFR,"('LogisticRegression', 'LFR')"
8,0.745,0.7738095238095238,0.9090909090909091,0.8360128617363344,0.6212121212121212,0.7543859649122807,0.006384041329491219,0.023745339640535688,0.9305663415967237,0.13248943335756708,0.34693877551020413,1.6938775510204083,0.6938775510204083,0.588095238095238,0.3392857142857143,-0.12440476190476185,0.46369047619047615,0.8180000000000001,0.18199999999999994,LogisticRegression,MetricOptGenerator,"('LogisticRegression', 'MetricOptGenerator')"
9,0.755,0.79375,0.8881118881118881,0.8382838283828383,0.6545822598454177,0.7513188565820145,0.004578560320398738,0.015301612734785143,0.9135040750603841,0.10714285714285737,0.30612244897959184,1.6122448979591837,0.6122448979591837,0.5666666666666667,0.4285714285714286,-0.06904761904761902,0.4976190476190476,0.7969999999999999,0.20300000000000007,LogisticRegression,Reweighing,"('LogisticRegression', 'Reweighing')"
10,0.67,0.7769784172661871,0.7552447552447552,0.7659574468085106,0.605692553060974,0.6056925530609741,0.0001510764782082681,0.00042372905684247183,0.8885807019675737,0.017065630080690182,0.056122448979591844,0.9251700680272109,0.07482993197278909,0.09047619047619049,0.4642857142857143,0.1869047619047619,0.2773809523809524,0.696,0.30400000000000005,DecisionTreeClassifier,OriginalData,"('DecisionTreeClassifier', 'OriginalData')"
11,0.66,0.7819548872180451,0.7272727272727273,0.753623188405797,0.6092503987240829,0.6092503987240829,0.0011779685403265766,0.003202296823169503,0.8375133573935939,0.049940476067070944,0.16836734693877553,1.336734693877551,0.33673469387755106,0.06190476190476191,0.5178571428571429,-0.2898809523809524,0.2898809523809524,0.643,0.357,DecisionTreeClassifier,DisparateImpactRemover,"('DecisionTreeClassifier', 'DisparateImpactRemover')"
12,0.715,0.715,1.0,0.8338192419825073,0.5,0.5,0.0,0.0,0.9951550203172789,,0.0,1.0,0.0,0.0,0.0,0.0,0.0,1.0,0.0,DecisionTreeClassifier,LFR,"('DecisionTreeClassifier', 'LFR')"
13,0.7,0.7943262411347518,0.7832167832167832,0.7887323943661974,0.6372224266961108,0.6372224266961108,0.000102544757891284,0.0002910692830481065,0.8271552420546062,0.014096422476521816,0.04591836734693877,0.9387755102040817,0.061224489795918324,0.11904761904761907,0.5,0.19047619047619047,0.30952380952380953,0.708,0.29200000000000004,DecisionTreeClassifier,MetricOptGenerator,"('DecisionTreeClassifier', 'MetricOptGenerator')"
14,0.69,0.7718120805369127,0.8041958041958042,0.7876712328767123,0.6038522880628143,0.6038522880628143,1.3485398056324593e-06,4.050879815170514e-06,0.9203422923413138,0.0016387916321469428,0.005102040816326481,0.9931972789115647,0.006802721088435271,0.14047619047619053,0.4107142857142857,0.13511904761904758,0.2755952380952381,0.7230000000000001,0.2769999999999999,DecisionTreeClassifier,Reweighing,"('DecisionTreeClassifier', 'Reweighing')"
0,0.635,0.676829268292683,0.8473282442748091,0.7525423728813558,0.5396061511229118,0.5687576059298595,0.003001736737766811,0.01092979397759094,0.8981417188223357,0.05781717138035804,0.18274111675126903,0.817258883248731,0.18274111675126903,0.15503875968992253,0.23529411764705888,0.1951664386684907,0.1951664386684907,0.85,0.15000000000000002,KNeighborsClassifier,OriginalData,"('KNeighborsClassifier', 'OriginalData')"
1,0.61,0.6687898089171974,0.8015267175572519,0.7291666666666666,0.5239517645757275,0.4781502378581701,0.0036622404011900367,0.012240335469475123,0.9217117901423726,0.06458206328579845,0.2182741116751269,0.7817258883248731,0.2182741116751269,0.20155038759689925,0.25,0.22577519379844962,0.22577519379844962,0.783,0.21699999999999997,KNeighborsClassifier,DisparateImpactRemover,"('KNeighborsClassifier', 'DisparateImpactRemover')"
2,0.655,0.655,1.0,0.7915407854984895,0.5,0.5,0.0,0.0,0.9999152789192962,,0.0,1.0,0.0,0.0,0.0,0.0,0.0,1.0,0.0,KNeighborsClassifier,LFR,"('KNeighborsClassifier', 'LFR')"
3,0.655,0.6703296703296703,0.9312977099236641,0.779552715654952,0.5308662462661798,0.5881734705166501,0.001425904728708946,0.007496469598804812,0.9640358256142031,0.03880860864670224,0.09137055837563457,0.9086294416243654,0.09137055837563457,0.06976744186046513,0.13235294117647056,0.10106019151846785,0.10106019151846785,0.914,0.08599999999999997,KNeighborsClassifier,MetricOptGenerator,"('KNeighborsClassifier', 'MetricOptGenerator')"
4,0.635,0.676829268292683,0.8473282442748091,0.7525423728813558,0.5396061511229118,0.5687576059298595,0.003001736737766811,0.01092979397759094,0.8981498197686969,0.05781717138035804,0.18274111675126903,0.817258883248731,0.18274111675126903,0.15503875968992253,0.23529411764705888,0.1951664386684907,0.1951664386684907,0.85,0.15000000000000002,KNeighborsClassifier,Reweighing,"('KNeighborsClassifier', 'Reweighing')"
5,0.705,0.7647058823529411,0.7938931297709924,0.7790262172284643,0.6650625069144818,0.7780727956632371,0.005838541708068246,0.016569068215753584,0.8477771520638075,0.08465410978783783,0.3248730964467005,0.6751269035532995,0.3248730964467005,0.2093023255813954,0.5441176470588236,0.3767099863201095,0.3767099863201095,0.642,0.358,LogisticRegression,OriginalData,"('LogisticRegression', 'OriginalData')"
6,0.725,0.8015873015873016,0.7709923664122137,0.7859922178988326,0.7043367629162518,0.7931187078216617,0.006997470915723045,0.018993236262167302,0.8065741563247059,0.09457102618899914,0.3756345177664975,0.6243654822335025,0.3756345177664975,0.2325581395348837,0.6470588235294117,0.4398084815321477,0.4398084815321477,0.65,0.35,LogisticRegression,DisparateImpactRemover,"('LogisticRegression', 'DisparateImpactRemover')"
7,0.655,0.655,1.0,0.7915407854984895,0.5,0.5,0.0,0.0,0.9991694225652278,,0.0,1.0,0.0,0.0,0.0,0.0,0.0,1.0,0.0,LogisticRegression,LFR,"('LogisticRegression', 'LFR')"
8,0.735,0.7635135135135135,0.8625954198473282,0.8100358422939068,0.677674521517867,0.7791791127337095,0.00455657441058957,0.013999995160200842,0.8684956134133347,0.07314730475668807,0.2639593908629442,0.7360406091370558,0.2639593908629442,0.13953488372093026,0.5,0.31976744186046513,0.31976744186046513,0.7,0.30000000000000004,LogisticRegression,MetricOptGenerator,"('LogisticRegression', 'MetricOptGenerator')"
9,0.72,0.7659574468085106,0.8244274809160306,0.7941176470588236,0.6730833056754066,0.7781834273702843,0.005291013782981052,0.015460615350836147,0.851647386478998,0.07982592574468399,0.29949238578680204,0.700507614213198,0.29949238578680204,0.17829457364341084,0.5294117647058824,0.3538531691746466,0.3538531691746466,0.656,0.344,LogisticRegression,Reweighing,"('LogisticRegression', 'Reweighing')"
10,0.71,0.762589928057554,0.8091603053435115,0.7851851851851852,0.665449717889147,0.6654497178891471,2.8371976901819113e-05,8.189059227726e-05,0.8656930253326152,0.007594214562947846,0.02876480541455162,1.0431472081218274,0.043147208121827374,0.1937984496124031,0.4852941176470588,-0.14574783401732785,0.33954628362973094,0.6890000000000001,0.31099999999999994,DecisionTreeClassifier,OriginalData,"('DecisionTreeClassifier', 'OriginalData')"
11,0.625,0.75,0.6412213740458015,0.691358024691358,0.617712136298263,0.617712136298263,0.008786921630748526,0.023008064990782864,0.7747097136597929,0.10938552083451364,0.4467005076142132,0.5532994923857868,0.4467005076142132,0.3643410852713178,0.6029411764705883,0.48364113087095306,0.48364113087095306,0.619,0.381,DecisionTreeClassifier,DisparateImpactRemover,"('DecisionTreeClassifier', 'DisparateImpactRemover')"
12,0.655,0.655,1.0,0.7915407854984895,0.5,0.5,0.0,0.0,0.9991558440500968,,0.0,1.0,0.0,0.0,0.0,0.0,0.0,1.0,0.0,DecisionTreeClassifier,LFR,"('DecisionTreeClassifier', 'LFR')"
13,0.7,0.7448275862068966,0.8244274809160306,0.7826086956521738,0.6440977984290298,0.6440977984290298,0.004866941383097179,0.014614314182121736,0.8474369606578988,0.07600197147064743,0.2791878172588832,0.7208121827411168,0.2791878172588832,0.17829457364341084,0.47058823529411764,0.32444140446876424,0.32444140446876424,0.688,0.31200000000000006,DecisionTreeClassifier,MetricOptGenerator,"('DecisionTreeClassifier', 'MetricOptGenerator')"
14,0.69,0.7593984962406015,0.7709923664122137,0.7651515151515151,0.6536121252350924,0.6536121252350925,9.501872998141092e-08,2.655839672486276e-07,0.8652107156643476,0.0004357556608889029,0.0016920473773265332,0.9974619289340102,0.0025380710659898,0.27519379844961245,0.5441176470588236,0.13446192430460557,0.409655722754218,0.653,0.347,DecisionTreeClassifier,Reweighing,"('DecisionTreeClassifier', 'Reweighing')"
0,0.65,0.6982248520710059,0.8613138686131386,0.7712418300653594,0.5258950295446645,0.4779283976364269,0.008658924650661426,0.027497371192210247,0.9432330858367444,0.0982563651782315,0.16315789473684206,0.8368421052631579,0.16315789473684206,0.1484375,0.19354838709677424,0.17099294354838712,0.17099294354838712,0.847,0.15300000000000002,KNeighborsClassifier,OriginalData,"('KNeighborsClassifier', 'OriginalData')"
1,0.6,0.6912751677852349,0.7518248175182481,0.7202797202797204,0.510833043679759,0.5309929324527864,0.015163883592038713,0.03957806927676314,0.878408289935862,0.13421935682712025,0.2684210526315789,0.7315789473684211,0.2684210526315789,0.265625,0.27419354838709675,0.2699092741935484,0.2699092741935484,0.722,0.278,KNeighborsClassifier,DisparateImpactRemover,"('KNeighborsClassifier', 'DisparateImpactRemover')"
2,0.685,0.685,1.0,0.8130563798219584,0.5,0.5,0.0,0.0,0.9902854667863812,,0.0,1.0,0.0,0.0,0.0,0.0,0.0,1.0,0.0,KNeighborsClassifier,LFR,"('KNeighborsClassifier', 'LFR')"
3,0.655,0.6954022988505747,0.8832116788321168,0.7781350482315113,0.5209709187811378,0.46779052253504805,0.007156858494777846,0.02447199397865028,0.9233104141363645,0.08868195311464179,0.13684210526315788,0.8631578947368421,0.13684210526315788,0.125,0.16129032258064513,0.14314516129032256,0.14314516129032256,0.865,0.135,KNeighborsClassifier,MetricOptGenerator,"('KNeighborsClassifier', 'MetricOptGenerator')"
4,0.65,0.6982248520710059,0.8613138686131386,0.7712418300653594,0.5258950295446645,0.4779283976364269,0.008658924650661426,0.027497371192210247,0.9163383290109911,0.0982563651782315,0.16315789473684206,0.8368421052631579,0.16315789473684206,0.1484375,0.19354838709677424,0.17099294354838712,0.17099294354838712,0.847,0.15300000000000002,KNeighborsClassifier,Reweighing,"('KNeighborsClassifier', 'Reweighing')"
5,0.725,0.7847222222222222,0.8248175182481752,0.804270462633452,0.6663770130923415,0.797242497972425,0.0008913425909726214,0.0022523764938411814,0.8248579303065099,0.04087595596566436,0.08421052631578951,0.8947368421052632,0.10526315789473684,0.06857638888888884,0.5,-0.21571180555555558,0.2842881944444444,0.704,0.29600000000000004,LogisticRegression,OriginalData,"('LogisticRegression', 'OriginalData')"
6,0.735,0.8181818181818182,0.7883211678832117,0.8029739776951673,0.7036843934654153,0.7950411308075541,0.0025031236956274752,0.005963007671458106,0.7952442133360916,0.06780157913100451,0.1473684210526316,0.8157894736842105,0.1842105263157895,0.10763888888888884,0.3870967741935484,-0.13972894265232977,0.2473678315412186,0.6739999999999999,0.32600000000000007,LogisticRegression,DisparateImpactRemover,"('LogisticRegression', 'DisparateImpactRemover')"
7,0.685,0.685,1.0,0.8130563798219584,0.5,0.5,0.0,0.0,0.9717137716641135,,0.0,1.0,0.0,0.0,0.0,0.0,0.0,1.0,0.0,LogisticRegression,LFR,"('LogisticRegression', 'LFR')"
8,0.705,0.756578947368421,0.8394160583941606,0.7958477508650519,0.6260572355462866,0.7717529834318155,0.00024003524481439054,0.0006404396772075395,0.8551646130145869,0.021486752129676934,0.04210526315789476,0.9473684210526315,0.052631578947368474,0.05295138888888884,0.5967741935483871,-0.27191140232974914,0.324862791218638,0.736,0.264,LogisticRegression,MetricOptGenerator,"('LogisticRegression', 'MetricOptGenerator')"
9,0.725,0.777027027027027,0.8394160583941606,0.8070175438596491,0.6578032672923184,0.797358359402155,0.0005193745855979134,0.0013462761157080362,0.8565308651835909,0.031381371201314436,0.06315789473684219,0.9210526315789472,0.07894736842105277,0.05295138888888884,0.532258064516129,-0.23965333781362008,0.2926047267025089,0.7,0.30000000000000004,LogisticRegression,Reweighing,"('LogisticRegression', 'Reweighing')"
10,0.6,0.7355371900826446,0.6496350364963503,0.689922480620155,0.5708492642799212,0.5708492642799212,0.004578399994303539,0.010531746593111624,0.7483799912637532,0.09151274356303198,0.20526315789473693,0.7434210526315789,0.25657894736842113,0.25607638888888884,0.5161290322580645,-0.13002632168458783,0.38610271057347667,0.61,0.39,DecisionTreeClassifier,OriginalData,"('DecisionTreeClassifier', 'OriginalData')"
11,0.595,0.7592592592592593,0.5985401459854015,0.6693877551020408,0.5929208666434944,0.5929208666434944,0.01604214251815319,0.036112285396568695,0.7007052552796978,0.16571045299983217,0.3789473684210527,0.5789473684210525,0.42105263157894746,0.4296875,0.41935483870967744,0.005166330645161282,0.42452116935483875,0.605,0.395,DecisionTreeClassifier,DisparateImpactRemover,"('DecisionTreeClassifier', 'DisparateImpactRemover')"
12,0.685,0.685,1.0,0.8130563798219584,0.5,0.5,0.0,0.0,0.9904089431416427,,0.0,1.0,0.0,0.0,0.0,0.0,0.0,1.0,0.0,DecisionTreeClassifier,LFR,"('DecisionTreeClassifier', 'LFR')"
13,0.64,0.7443609022556391,0.7226277372262774,0.7333333333333334,0.5914725987718689,0.5914725987718689,0.0023421275852462883,0.005601980513414275,0.836823371788758,0.06561811371878648,0.14210526315789473,0.8223684210526316,0.17763157894736836,0.17795138888888884,0.5483870967741935,-0.18521785394265233,0.3631692428315412,0.6599999999999999,0.3400000000000001,DecisionTreeClassifier,MetricOptGenerator,"('DecisionTreeClassifier', 'MetricOptGenerator')"
14,0.555,0.6935483870967742,0.6277372262773723,0.6590038314176245,0.5122813115513846,0.5122813115513846,0.024703042905314415,0.05727714751140516,0.7453365440878268,0.179605302026775,0.4,0.6,0.4,0.3984375,0.4032258064516129,0.40083165322580644,0.40083165322580644,0.631,0.369,DecisionTreeClassifier,Reweighing,"('DecisionTreeClassifier', 'Reweighing')"
0,0.655,0.7239263803680982,0.8309859154929577,0.7737704918032786,0.5275619232637203,0.5670228266148616,0.006241495797518981,0.02034275429305625,0.8896110872991041,0.08378799923247832,0.19072164948453607,0.8092783505154639,0.19072164948453607,0.17391304347826086,0.2321428571428571,0.20302795031055898,0.20302795031055898,0.8240000000000001,0.17599999999999993,KNeighborsClassifier,OriginalData,"('KNeighborsClassifier', 'OriginalData')"
1,0.635,0.7169811320754716,0.8028169014084507,0.7574750830564784,0.5134774162214668,0.5387323943661972,0.007001121356737042,0.02181040057261414,0.8531884037397068,0.08930342725903671,0.21134020618556704,0.788659793814433,0.21134020618556704,0.2028985507246377,0.2321428571428571,0.2175207039337474,0.2175207039337474,0.774,0.22599999999999998,KNeighborsClassifier,DisparateImpactRemover,"('KNeighborsClassifier', 'DisparateImpactRemover')"
2,0.71,0.71,1.0,0.8304093567251462,0.5,0.5,0.0,0.0,0.9990980665038286,,0.0,1.0,0.0,0.0,0.0,0.0,0.0,1.0,0.0,KNeighborsClassifier,LFR,"('KNeighborsClassifier', 'LFR')"
3,0.685,0.7283236994219653,0.8873239436619719,0.8,0.5384895580378825,0.5701796988829528,0.004422556384020421,0.016672398025122936,0.9202814517800914,0.06947580551096505,0.1391752577319587,0.8608247422680413,0.1391752577319587,0.1159420289855072,0.1964285714285714,0.1561853002070393,0.1561853002070393,0.848,0.15200000000000002,KNeighborsClassifier,MetricOptGenerator,"('KNeighborsClassifier', 'MetricOptGenerator')"
4,0.655,0.7239263803680982,0.8309859154929577,0.7737704918032786,0.5275619232637203,0.5670228266148616,0.006241495797518981,0.02034275429305625,0.8897612439377043,0.08378799923247832,0.19072164948453607,0.8092783505154639,0.19072164948453607,0.17391304347826086,0.2321428571428571,0.20302795031055898,0.20302795031055898,0.8240000000000001,0.17599999999999993,KNeighborsClassifier,Reweighing,"('KNeighborsClassifier', 'Reweighing')"
5,0.75,0.7839506172839507,0.8943661971830986,0.8355263157894737,0.6454589606605148,0.7678484701311317,0.006429606373016164,0.020708429613733887,0.8554399732275051,0.08517439379162099,0.19587628865979378,0.8041237113402062,0.19587628865979378,0.10869565217391308,0.4107142857142857,0.2597049689440994,0.2597049689440994,0.764,0.236,LogisticRegression,OriginalData,"('LogisticRegression', 'OriginalData')"
6,0.765,0.8187919463087249,0.8591549295774648,0.838487972508591,0.6968188440990772,0.766270033997086,0.008988864963075244,0.02559092889796934,0.8329347710823982,0.1028884711756619,0.2628865979381443,0.7371134020618557,0.2628865979381443,0.14492753623188404,0.5535714285714286,0.3492494824016563,0.3492494824016563,0.732,0.268,LogisticRegression,DisparateImpactRemover,"('LogisticRegression', 'DisparateImpactRemover')"
7,0.71,0.71,1.0,0.8304093567251462,0.5,0.5,0.0,0.0,0.9996014207603977,,0.0,1.0,0.0,0.0,0.0,0.0,0.0,1.0,0.0,LogisticRegression,LFR,"('LogisticRegression', 'LFR')"
8,0.765,0.7878787878787878,0.9154929577464789,0.8469055374592833,0.656022340942205,0.7676056338028169,0.005868777053712637,0.019612647932640507,0.8906754795927364,0.08099660399929723,0.18041237113402064,0.8195876288659794,0.18041237113402064,0.08695652173913049,0.4107142857142857,0.2488354037267081,0.2488354037267081,0.757,0.243,LogisticRegression,MetricOptGenerator,"('LogisticRegression', 'MetricOptGenerator')"
9,0.765,0.7950310559006211,0.9014084507042254,0.8448844884488449,0.666221466731423,0.76930548810102,0.00661890405653115,0.02107479865338978,0.9006853813342951,0.08655539162836628,0.2010309278350515,0.7989690721649485,0.2010309278350515,0.10144927536231885,0.4464285714285714,0.2739389233954451,0.2739389233954451,0.77,0.22999999999999998,LogisticRegression,Reweighing,"('LogisticRegression', 'Reweighing')"
10,0.72,0.7945205479452054,0.8169014084507042,0.8055555555555557,0.6498300145701797,0.6498300145701797,0.0003015785163902468,0.0008400503979814094,0.8420851293045414,0.025087870215557622,0.06529209621993126,1.097938144329897,0.097938144329897,0.0688405797101449,0.017857142857142905,-0.0433488612836439,0.0433488612836439,0.6930000000000001,0.30699999999999994,DecisionTreeClassifier,OriginalData,"('DecisionTreeClassifier', 'OriginalData')"
11,0.64,0.7734375,0.6971830985915493,0.7333333333333333,0.5985915492957746,0.5985915492957746,0.002823679139986688,0.007165240153244657,0.766884291918651,0.07083375446273352,0.19931271477663237,0.7608247422680412,0.2391752577319588,0.3115942028985508,0.0,0.1557971014492754,0.1557971014492754,0.629,0.371,DecisionTreeClassifier,DisparateImpactRemover,"('DecisionTreeClassifier', 'DisparateImpactRemover')"
12,0.71,0.71,1.0,0.8304093567251462,0.5,0.5,0.0,0.0,0.9984536631225809,,0.0,1.0,0.0,0.0,0.0,0.0,0.0,1.0,0.0,DecisionTreeClassifier,LFR,"('DecisionTreeClassifier', 'LFR')"
13,0.73,0.7972972972972973,0.8309859154929577,0.8137931034482759,0.6568722680913065,0.6568722680913065,0.0007671135545393795,0.0021676025597069403,0.8347865617722552,0.03742044975790483,0.09621993127147765,0.8845360824742268,0.11546391752577323,0.17391304347826086,0.017857142857142905,0.07802795031055898,0.09588509316770188,0.7,0.30000000000000004,DecisionTreeClassifier,MetricOptGenerator,"('DecisionTreeClassifier', 'MetricOptGenerator')"
14,0.73,0.8098591549295775,0.8098591549295775,0.8098591549295775,0.6721709567751335,0.6721709567751335,0.00013735941672062685,0.00037280652179860215,0.8423373033386073,0.016794562097577806,0.04467353951890041,1.0670103092783507,0.06701030927835072,0.19565217391304346,0.48214285714285715,-0.14324534161490685,0.33889751552795033,0.6540000000000001,0.34599999999999986,DecisionTreeClassifier,Reweighing,"('DecisionTreeClassifier', 'Reweighing')"
0,0.685,0.7668711656441718,0.8333333333333334,0.7987220447284344,0.5366666666666666,0.5368666666666666,0.010523094203276073,0.031068777846576506,0.8236434507789898,0.1093025412693152,0.1947368421052632,0.8052631578947368,0.1947368421052632,0.17730496453900713,0.24489795918367352,0.21110146186134032,0.21110146186134032,0.8200000000000001,0.17999999999999994,KNeighborsClassifier,OriginalData,"('KNeighborsClassifier', 'OriginalData')"
1,0.665,0.7785234899328859,0.7733333333333333,0.7759197324414716,0.5566666666666666,0.5662666666666666,0.015163883592038713,0.03957806927676314,0.8113973330018625,0.1342193568271204,0.2684210526315789,0.7315789473684211,0.2684210526315789,0.24113475177304966,0.34693877551020413,0.2940367636416269,0.2940367636416269,0.767,0.23299999999999998,KNeighborsClassifier,DisparateImpactRemover,"('KNeighborsClassifier', 'DisparateImpactRemover')"
2,0.75,0.75,1.0,0.8571428571428571,0.5,0.5,0.0,0.0,0.9797207950986898,,0.0,1.0,0.0,0.0,0.0,0.0,0.0,1.0,0.0,KNeighborsClassifier,LFR,"('KNeighborsClassifier', 'LFR')"
3,0.735,0.7650273224043715,0.9333333333333333,0.8408408408408409,0.5366666666666666,0.5489333333333334,0.004561897386253039,0.01864549767387183,0.9303684581706074,0.06992333202323088,0.08947368421052626,0.9105263157894737,0.08947368421052626,0.07092198581560283,0.1428571428571429,0.10688956433637287,0.10688956433637287,0.937,0.06299999999999994,KNeighborsClassifier,MetricOptGenerator,"('KNeighborsClassifier', 'MetricOptGenerator')"
4,0.685,0.7668711656441718,0.8333333333333334,0.7987220447284344,0.5366666666666666,0.5368666666666666,0.010523094203276073,0.031068777846576506,0.8609755026980316,0.1093025412693152,0.1947368421052632,0.8052631578947368,0.1947368421052632,0.17730496453900713,0.24489795918367352,0.21110146186134032,0.21110146186134032,0.8200000000000001,0.17999999999999994,KNeighborsClassifier,Reweighing,"('KNeighborsClassifier', 'Reweighing')"
5,0.765,0.8601398601398601,0.82,0.8395904436860068,0.71,0.7782666666666667,0.005337966730274705,0.013409802031441521,0.7542856257796563,0.0940198333402884,0.1947368421052632,0.783625730994152,0.216374269005848,0.19148936170212771,0.40816326530612246,-0.10833695180199737,0.2998263135041251,0.6980000000000001,0.30199999999999994,LogisticRegression,OriginalData,"('LogisticRegression', 'OriginalData')"
6,0.75,0.8787878787878788,0.7733333333333333,0.8226950354609929,0.7266666666666667,0.7705333333333333,0.008173866709131141,0.01947200211366575,0.7255769352672753,0.11623127851029344,0.25263157894736843,0.7192982456140351,0.2807017543859649,0.24113475177304966,0.32653061224489793,-0.042697930235924136,0.2838326820089738,0.687,0.31299999999999994,LogisticRegression,DisparateImpactRemover,"('LogisticRegression', 'DisparateImpactRemover')"
7,0.75,0.75,1.0,0.8571428571428571,0.5,0.5,0.0,0.0,0.9795307980126489,,0.0,1.0,0.0,0.0,0.0,0.0,0.0,1.0,0.0,LogisticRegression,LFR,"('LogisticRegression', 'LFR')"
8,0.76,0.8148148148148148,0.88,0.8461538461538461,0.64,0.7749333333333334,0.0016007711441519898,0.0046755712633873405,0.8407461304347379,0.05263157894736871,0.09473684210526323,0.894736842105263,0.10526315789473695,0.12765957446808507,0.6122448979591837,-0.2422926617455493,0.3699522362136344,0.755,0.245,LogisticRegression,MetricOptGenerator,"('LogisticRegression', 'MetricOptGenerator')"
9,0.76,0.8355263157894737,0.8466666666666667,0.8410596026490067,0.6733333333333333,0.782,0.003371507902636274,0.008995543277557852,0.8100703768124314,0.07520363245386946,0.1473684210526316,0.8362573099415205,0.16374269005847952,0.16312056737588654,0.5102040816326531,-0.17354175712838327,0.3366623245042698,0.74,0.26,LogisticRegression,Reweighing,"('LogisticRegression', 'Reweighing')"
10,0.685,0.8175182481751825,0.7466666666666667,0.7804878048780487,0.6233333333333333,0.6233333333333333,0.006827004592936808,0.016619648580956124,0.7680292267417056,0.10618449276485223,0.22631578947368425,0.7485380116959064,0.2514619883040936,0.15130023640661938,0.5102040816326531,0.3307521590196362,0.3307521590196362,0.663,0.33699999999999997,DecisionTreeClassifier,OriginalData,"('DecisionTreeClassifier', 'OriginalData')"
11,0.655,0.8461538461538461,0.66,0.7415730337078651,0.65,0.65,0.005470276183610262,0.012472954544255116,0.6438966648554596,0.10010590081607773,0.22631578947368425,0.7171052631578947,0.2828947368421053,0.24349881796690298,0.3673469387755102,-0.06192406040430362,0.30542287837120663,0.6639999999999999,0.3360000000000001,DecisionTreeClassifier,DisparateImpactRemover,"('DecisionTreeClassifier', 'DisparateImpactRemover')"
12,0.75,0.75,1.0,0.8571428571428571,0.5,0.5,0.0,0.0,0.9793919321391183,,0.0,1.0,0.0,0.0,0.0,0.0,0.0,1.0,0.0,DecisionTreeClassifier,LFR,"('DecisionTreeClassifier', 'LFR')"
13,0.725,0.8368794326241135,0.7866666666666666,0.8109965635738831,0.6633333333333333,0.6633333333333333,0.018023021975719172,0.04477305901844433,0.8332043072535107,0.1484019641507234,0.31052631578947365,0.6894736842105263,0.31052631578947365,0.22695035460992907,0.5510204081632653,0.38898538138659716,0.38898538138659716,0.698,0.30200000000000005,DecisionTreeClassifier,MetricOptGenerator,"('DecisionTreeClassifier', 'MetricOptGenerator')"
14,0.685,0.8270676691729323,0.7333333333333333,0.7773851590106007,0.6366666666666667,0.6366666666666667,0.007896787106406112,0.01888780430550981,0.7303019627467788,0.11422412388085094,0.24736842105263157,0.7251461988304094,0.2748538011695906,0.2836879432624113,0.46938775510204084,-0.09284990591981476,0.3765378491822261,0.643,0.357,DecisionTreeClassifier,Reweighing,"('DecisionTreeClassifier', 'Reweighing')"
